<?xml version="1.0" encoding="iso-8859-1" standalone="no"?>
<comments
  xmlns:xsi='http://www.w3.org/2001/XMLSchema-instance'
  xsi:noNamespaceSchemaLocation='comments.xsd'
  name="v0.1_to_v0.2"
  jdversion="1.0.10">

<!-- This file contains comments for a JDiff report. -->
<!-- It is used only in generating the report, and does not need to ship with the final report. -->

<!-- The id attribute in an identifier element identifies the change as noted in the report. -->
<!-- An id has the form package[.class[.[ctor|method|field].signature]], where [] indicates optional text. -->
<!-- A comment element can have multiple identifier elements, which will -->
<!-- will cause the same text to appear at each place in the report, but -->
<!-- will be converted to separate comments when the comments file is used. -->
<!-- HTML tags in the text field will appear in the report. -->
<!-- You also need to close p HTML elements, used for paragraphs - see the top-level documentation. -->
<comment>
  <identifier id="abc.midi"/>
  <text>
    InsertCommentsHere
  </text>
</comment>
<comment>
  <identifier id="abc.midi.MidiMessageType"/>
  <text>
    InsertCommentsHere
  </text>
</comment>
<comment>
  <identifier id="abc.midi.MidiMessageType.NOTATION_MARKER"/>
  <text>
    InsertCommentsHere
  </text>
</comment>
<comment>
  <identifier id="abc.midi.MidiMessageType.TEXT_EVENT"/>
  <text>
    InsertCommentsHere
  </text>
</comment>
<comment>
  <identifier id="abc.notation"/>
  <text>
    InsertCommentsHere
  </text>
</comment>
<comment>
  <identifier id="abc.notation.Note"/>
  <text>
    InsertCommentsHere
  </text>
</comment>
<comment>
  <identifier id="abc.notation.Note.getHeight_added()"/>
  <text>
    InsertCommentsHere
  </text>
</comment>
<comment>
  <identifier id="abc.notation.Note.getHeigth_changed()"/>
  <text>
    InsertCommentsHere
  </text>
</comment>
<comment>
  <identifier id="abc.notation.Note.getStrictDuration_added()"/>
  <text>
    InsertCommentsHere
  </text>
</comment>
<comment>
  <identifier id="abc.notation.Note.isStrictDuration_added(short)"/>
  <text>
    InsertCommentsHere
  </text>
</comment>
<comment>
  <identifier id="abc.notation.Note.setDotted_changed(byte)"/>
  <text>
    InsertCommentsHere
  </text>
</comment>
<comment>
  <identifier id="abc.notation.Note.setDuration_added(short)"/>
  <text>
    InsertCommentsHere
  </text>
</comment>
<comment>
  <identifier id="abc.notation.Note.setHeight_added(byte)"/>
  <text>
    InsertCommentsHere
  </text>
</comment>
<comment>
  <identifier id="abc.notation.Note.setHeigth_changed(byte)"/>
  <text>
    InsertCommentsHere
  </text>
</comment>
<comment>
  <identifier id="abc.notation.Note.setLength_changed(short)"/>
  <text>
    InsertCommentsHere
  </text>
</comment>
<comment>
  <identifier id="abc.notation.Note.setStrictDuration_added(short)"/>
  <text>
    InsertCommentsHere
  </text>
</comment>
<comment>
  <identifier id="abc.notation.NoteAbstract"/>
  <text>
    InsertCommentsHere
  </text>
</comment>
<comment>
  <identifier id="abc.notation.NoteAbstract.countDots_added()"/>
  <text>
    InsertCommentsHere
  </text>
</comment>
<comment>
  <identifier id="abc.notation.NoteAbstract.getDotted_changed()"/>
  <text>
    InsertCommentsHere
  </text>
</comment>
<comment>
  <identifier id="abc.notation.Tuplet"/>
  <text>
    InsertCommentsHere
  </text>
</comment>
<comment>
  <identifier id="abc.notation.Tuplet.ctor_changed(java.util.Vector, int, short)"/>
  <text>
    InsertCommentsHere
  </text>
</comment>
<comment>
  <identifier id="abc.notation.Tuplet.getTotalDuration_added()"/>
  <text>
    InsertCommentsHere
  </text>
</comment>
<comment>
  <identifier id="abc.notation.Tuplet.getTotalRelativeLength_changed()"/>
  <text>
    InsertCommentsHere
  </text>
</comment>
<comment>
  <identifier id="abc.notation.Words"/>
  <text>
    InsertCommentsHere
  </text>
</comment>
<comment>
  <identifier id="abc.parser"/>
  <text>
    InsertCommentsHere
  </text>
</comment>
<comment>
  <identifier id="abc.parser.AbcFileParser"/>
  <text>
    InsertCommentsHere
  </text>
</comment>
<comment>
  <identifier id="abc.parser.AbcFileParser.parseFileHeaders_changed(java.io.BufferedReader)"/>
  <text>
    InsertCommentsHere
  </text>
</comment>
<comment>
  <identifier id="abc.parser.AbcFileParser.parseFileHeaders_changed(java.io.File)"/>
  <text>
    InsertCommentsHere
  </text>
</comment>
<comment>
  <identifier id="abc.parser.AbcHeadersParser"/>
  <text>
    InsertCommentsHere
  </text>
</comment>
<comment>
  <identifier id="abc.parser.AbcParserAbstract"/>
  <text>
    InsertCommentsHere
  </text>
</comment>
<comment>
  <identifier id="abc.parser.AbcParserAbstract.FIRST_ABC_LINE"/>
  <text>
    InsertCommentsHere
  </text>
</comment>
<comment>
  <identifier id="abc.parser.AbcParserAbstract.FIRST_ABC_MUSIC"/>
  <text>
    InsertCommentsHere
  </text>
</comment>
<comment>
  <identifier id="abc.parser.AbcParserAbstract.initParsing_added()"/>
  <text>
    InsertCommentsHere
  </text>
</comment>
<comment>
  <identifier id="abc.parser.AbcParserAbstract.notifyListenersForBegin_removed()"/>
  <text>
    InsertCommentsHere
  </text>
</comment>
<comment>
  <identifier id="abc.parser.AbcParserAbstract.notifyListenersForEnd_removed(abc.notation.Tune)"/>
  <text>
    InsertCommentsHere
  </text>
</comment>
<comment>
  <identifier id="abc.parser.AbcParserAbstract.notifyListenersForTuneBegin_added()"/>
  <text>
    InsertCommentsHere
  </text>
</comment>
<comment>
  <identifier id="abc.parser.AbcParserAbstract.notifyListenersForTuneEnd_added(abc.notation.Tune)"/>
  <text>
    InsertCommentsHere
  </text>
</comment>
<comment>
  <identifier id="abc.parser.AbcParserAbstract.parseAbcFile_added(scanner.Set)"/>
  <text>
    InsertCommentsHere
  </text>
</comment>
<comment>
  <identifier id="abc.parser.AbcParserAbstract.parseAbcFile_changed(scanner.Set)"/>
  <text>
    InsertCommentsHere
  </text>
</comment>
<comment>
  <identifier id="abc.parser.AbcParserAbstract.parseAbcLine_added(scanner.Set)"/>
  <text>
    InsertCommentsHere
  </text>
</comment>
<comment>
  <identifier id="abc.parser.AbcParserAbstract.parseAbcMusic_added(scanner.Set)"/>
  <text>
    InsertCommentsHere
  </text>
</comment>
<comment>
  <identifier id="abc.parser.AbcParserAbstract.parseHeader_changed(java.io.Reader)"/>
  <text>
    InsertCommentsHere
  </text>
</comment>
<comment>
  <identifier id="abc.parser.AbcParserAbstract.parseHeader_changed(java.lang.String)"/>
  <text>
    InsertCommentsHere
  </text>
</comment>
<comment>
  <identifier id="abc.parser.AbcParserAbstract.parse_changed(java.io.Reader)"/>
  <text>
    InsertCommentsHere
  </text>
</comment>
<comment>
  <identifier id="abc.parser.AbcParserAbstract.parse_changed(java.lang.String)"/>
  <text>
    InsertCommentsHere
  </text>
</comment>
<comment>
  <identifier id="abc.parser.AbcToolkit"/>
  <text>
    InsertCommentsHere
  </text>
</comment>
<comment>
  <identifier id="abc.parser.AbcToolkit.DurationDescription"/>
  <text>
    InsertCommentsHere
  </text>
</comment>
<comment>
  <identifier id="abc.parser.AutomataFactory"/>
  <text>
    InsertCommentsHere
  </text>
</comment>
<comment>
  <identifier id="abc.parser.TuneBook"/>
  <text>
    InsertCommentsHere
  </text>
</comment>
<comment>
  <identifier id="abc.parser.TuneBook.ctor_added(java.io.Reader)"/>
  <text>
    InsertCommentsHere
  </text>
</comment>
<comment>
  <identifier id="abc.parser.TuneBook.ctor_added(java.io.Reader, abc.parser.AbcFileParserListenerInterface)"/>
  <text>
    InsertCommentsHere
  </text>
</comment>
<comment>
  <identifier id="abc.parser.TuneBook.ctor_changed(java.io.BufferedReader)"/>
  <text>
    InsertCommentsHere
  </text>
</comment>
<comment>
  <identifier id="abc.parser.TuneBook.ctor_changed(java.io.BufferedReader, abc.parser.AbcFileParserListenerInterface)"/>
  <text>
    InsertCommentsHere
  </text>
</comment>
<comment>
  <identifier id="test"/>
  <text>
    InsertCommentsHere
  </text>
</comment>

</comments>
